Transaction_date,Product,Price,Payment_Type,Name,City,State,Country,Account_Created,Last_Login,Latitude
01/02/2009 06:17,Product1,1200,Mastercard,carolina,Basildon,England,United Kingdom,01/02/2009 06:00,01/02/2009 06:08,51.5
01/02/2009 04:53,Product1,1200,Visa,Betina,Parkville                   ,MO,United States,01/02/2009 04:42,01/02/2009 07:49,39.195
01/02/2009 13:08,Product1,1200,Mastercard,Federica e Andrea,Astoria                     ,OR,United States,01/01/2009 16:21,01/03/2009 12:32,46.18806
01/03/2009 14:44,Product1,1200,Visa,Gouya,Echuca,Victoria,Australia,9/25/05 21:13,01/03/2009 14:22,-36.1333333
